alaves;Antonio;Sivera;;Антонио;Сивера;;1;G;450
alaves;Jesus;Owono;;Хесус;Овоно;;31;G;450
alaves;Andoni;Gorosabel;;Андони;Горосабель;;2;DEF;550
alaves;Ruben;Duarte;;Рубен;Дуарте;;3;DEF;550
alaves;Aleksandar;Sedlar;;Александар;Седлар;;4;DEF;450
alaves;Abdelkabir;Abqar;;Абдель;Абкар;;5;DEF;450
alaves;Nahuel;Tenaglia;;Науэль;Тенаглия;;14;DEF;550
alaves;Rafa;Marin;;Рафа;Марин;;16;DEF;450
alaves;Nikola;Maras;;Никола;Мараш;;19;DEF;450
alaves;Javi;Lopez;;Хави;Лопес;;27;DEF;450
alaves;Ander;Guevara;;Андер;Гевара;;6;MID;550
alaves;Alex;Sola;;Алекс;Сола;;7;MID;500
alaves;Antonio;Blanco;;Антонио;Бланко;;8;MID;550
alaves;Ianis;Hagi;;Янис;Хаджи;;10;MID;650
alaves;Luis;Rioja;;Луис;Риоха;;11;MID;650
alaves;Xeber;Alkain;;Чебер;Алкаин;;17;MID;600
alaves;Jon;Guridi;;Хон;Гуриди;;18;MID;600
alaves;Carlos;Benavidez;;Карлос;Бенавидес;;23;MID;550
alaves;Jon;Karrikaburu;;Хон;Каррикабуру;;9;FOR;600
alaves;Kike;Garcia;;Кике;Гарсия;;15;FOR;600
alaves;Guiliano;Simeone;;Джулиано;Симеоне;;20;FOR;600
alaves;Abderrahmane;Rebbach;;Абде;Реббач;;21;FOR;600
alaves;Joaquin;Panichelli;;Хоакин;Паничелли;;29;FOR;500
almeria;Diego;Mariño;;Диего;Мариньо;;1;G;450
almeria;Luís;Maximiano;;Луиш;Максимиану;;25;G;500
almeria;Fernando;Rubio;Fernando;Фернандо;Мартинес;Фернандо;13;G;500
almeria;Alejandro;Pozo;;Алехандро;Посо;;17;DEF;550
almeria;Marc;Pubill;;Марк;Пубиль;;18;DEF;450
almeria;Houboulang;Mendes;;Убулан;Мендес;;24;DEF;550
almeria;;Kaiky;;;Кайки;;2;DEF;450
almeria;Edgar;González;Edgar;Эдгар;Гонсалес;;3;DEF;550
almeria;Juan;Movilla;Chumi;Хуан;Мовилла;Чуми;21;DEF;450
almeria;César;Montes;;Сесар;Монтес;;22;DEF;550
almeria;Sergio;Akieme;;Серхио;Акьем;;15;DEF;450
almeria;Alex;Centelles;;Алекс;Сентельес;;20;DEF;550
almeria;Iddrisu;Baba;;Иддрису;Баба;;4;MID;500
almeria;Lucas;Robertone;;Лукас;Робертоне;;5;MID;650
almeria;Dion;Lopy;;Дион;Лопе;;6;MID;500
almeria;Arnau;Puigmal;;Арнау;Пучмаль;;8;MID;550
almeria;Gonzalo;Melero;;Гонсало;Мелеро;;11;MID;600
almeria;Largie;Ramazani;;Ларджи;Рамазани;;7;MID;600
almeria;Adrián;Embarba;;Адриан;Эмбарба;;10;FOR;600
almeria;Leo;Baptistao;;Лео;Баптистау;;12;FOR;600
almeria;Lázaro;Vinicius;Lázaro;Лазаро;Винисиус;Лазаро;14;FOR;600
almeria;Sergio;Arribas;;Серхио;Аррибас;;19;FOR;550
almeria;Luis;Suárez;;Луис;Суарес;;9;FOR;650
almeria;Ibrahima;Kone;;Ибраима;Коне;;23;FOR;600
athletic;Unai;Simón;;Унай;Симон;;1;G;550
athletic;Julen;Agirrezabala;;Хулен;Ахирресабала;;13;G;450
athletic;Daniel;Vivian;;Дани;Вивиан;;3;DEF;550
athletic;Aitor;Paredes;;Айтор;Паредес;;4;DEF;450
athletic;Yeray;Álvarez;;Ерай;Альварес;;5;DEF;550
athletic;Iñigo;Lekue;;Иньиго;Лекуэ;;15;DEF;550
athletic;Yuri;Berchiche;;Юри;Берчичче;;17;DEF;600
athletic;Óscar;de Marcos;;Оскар;де Маркос;;18;DEF;600
athletic;Imanol;García de Albéniz;Imanol;Иманол;Гарсия де Альбенис;Иманол;19;DEF;450
athletic;Mikel;Vesga;;Микель;Весга;;6;MID;600
athletic;Oihan;Sancet;;Ойан;Сансет;;8;MID;700
athletic;Daniel;García;;Дани;Гарсия;;14;MID;550
athletic;Iñigo;Ruiz de Galarreta;;Иньиго;Руис;;16;MID;550
athletic;Ander;Herrera;;Андер;Эррера;;21;MID;600
athletic;Unai;Gómez;;Унай;Гомес;;30;MID;450
athletic;Alejandro;Berenguer;;Алекс;Беренгер;;7;FOR;700
athletic;Iñaki;Williams;;Иньяки;Уильямс;;9;FOR;700
athletic;Iker;Muniain;;Икер;Муньяин;;10;FOR;700
athletic;Nicholas;Williams;;Нико;Уильямс;;11;FOR;750
athletic;Gorka;Guruzeta;;Горка;Гурусета;;12;FOR;650
athletic;Asier;Villaibre;;Асьер;Вильялибре;;20;FOR;550
atletico;Ivo;Grbic;;Иво;Грбич;;1;G;500
atletico;Jan;Oblak;;Янис;Облак;;13;G;600
atletico;Jose Maria;Gimenez;;Хосе;Хименес;;2;DEF;650
atletico;Cesar;Azpilicueta;;Сесар;Аспиликуэта;;3;DEF;600
atletico;Stefan;Savic;;Стефан;Савич;;15;DEF;600
atletico;Nahuel;Molina;;Науэль;Молина;;16;DEF;650
atletico;Javier;Galan;;Хавьер;Галан;;17;DEF;600
atletico;Mario;Hermoso;;Марио;Эрмосо;;22;DEF;600
atletico;Rodrigo;De Paul;;Родриго;Де Пауль;;5;MID;700
atletico;Jorge;Merodio;Koke;Хорхе;Меродио;Коке;6;MID;650
atletico;Saul;Niguez;Saul;Сауль;Ньигес;Сауль;8;MID;600
atletico;Thomas;Lemar;;Тома;Лемар;;11;MID;650
atletico;Samuel;Lino;;Самуэл;Лино;;12;MID;700
atletico;Marcos;Llorente;;Маркос;Льоренте;;14;MID;650
atletico;Axel;Witsel;;Аксель;Витсель;;20;MID;600
atletico;Pablo;Barrios;;Пабло;Барриос;;24;MID;550
atletico;Rodrigo;Riquelme;;Родриго;Рикельме;;25;MID;600
atletico;Antoine;Griezmann;;Антуан;Гризманн;;7;FOR;850
atletico;Memphis;Depay;Memphis;Мемфис;Депай;Мемфис;9;FOR;750
atletico;Angel;Correa;;Анхель;Корреа;;10;FOR;750
atletico;Alvaro;Morata;;Альваро;Мората;;19;FOR;800
barcelona;Marc-Andre;ter Stegen;;Марк-Андре;тер Штеген;;1;G;600
barcelona;Iñaki;Peña;;Иньяки;Пенья;;13;G;500
barcelona;Joao;Cancelo;;Жоау;Канселу;;2;DEF;600
barcelona;Alejandro;Balde;;Алекс;Бальде;;3;DEF;600
barcelona;Ronald;Araujo;;Рональд;Араухо;;4;DEF;550
barcelona;Íñigo;Martínez;;Иньиго;Мартинес;;5;DEF;500
barcelona;Andreas;Christensen;;Андреас;Кристенсен;;15;DEF;550
barcelona;Marcos;Alonso;;Маркос;Алонсо;;17;DEF;550
barcelona;Jules;Koundre;;Жюль;Кунде;;23;DEF;600
barcelona;Pablo;Gavira;Gavi;Пабло;Гавира;Гави;6;MID;700
barcelona;Pedro;González;Pedri;Педро;Гонсалес;Педри;8;MID;700
barcelona;Oriol;Romeu;;Ориоль;Ромеу;;18;MID;600
barcelona;Sergi;Roberto;;Серхи;Роберто;;20;MID;600
barcelona;Fermin;López;;Фермин;Лопес;;32;MID;550
barcelona;Frenkie;de Jong;;Френки;де Йонг;;21;MID;700
barcelona;Ilkay;Gundogan;;Илкай;Гюндоган;;22;MID;750
barcelona;Ferran;Torres;;Ферран;Торрес;;7;FOR;750
barcelona;Robert;Lewandowski;;Роберт;Левандовски;;9;FOR;1000
barcelona;Raphael;Dias Belloli;Raphinha;Рафаэль;Диас Беллони;Рафинья;11;FOR;750
barcelona;Joao;Félix;;Жоау;Феликс;;14;FOR;750
barcelona;Lamine;Yamal;;Ламин;Ямаль;;27;FOR;550
betis;Claudio;Bravo;;Клаудио;Браво;;1;G;500
betis;Rui;Silva;;Руй;Силва;;13;G;500
betis;Hector;Bellerin;;Эктор;Бельерин;;2;DEF;550
betis;Juan;Miranda;;Хуан;Миранда;;3;DEF;500
betis;German;Pezzella;;Херман;Песселья;;6;DEF;500
betis;Marc;Bartra;;Марк;Бартра;;15;DEF;550
betis;Abner;da Silva;Abner;Абнер;да Силва;Абнер;20;DEF;500
betis;Youssouf;Sabaly;;Юссуф;Сабали;;23;DEF;500
betis;Chadi;Riad;;Шади;Риад;;28;DEF;500
betis;Guido;Rodriguez;;Гвидо;Родригес;;5;MID;600
betis;William;Carvalho;;Вильям;Карвалью;;14;MID;600
betis;Rodrigo;Rodriguez;Rodri;Родриго;Санчес;Родри;17;MID;650
betis;Jose Andres;Guardado;;Андреас;Гуардадо;;18;MID;600
betis;Marc;Roca;;Марк;Рока;;21;MID;550
betis;Francisco;Suarez;Isco;Франциско;Суарес;Иско;22;MID;700
betis;Ez;Abde;;Эз;Абде;;7;FOR;600
betis;Borja;Iglesias;;Борха;Иглесиас;;9;FOR;750
betis;Ayoze;Gutierrez;Ayoze;Айосе;Перес;Айосе;10;FOR;700
betis;Luiz;Henrique;;Луис;Энрике;;11;FOR;650
betis;Willian;Jose;;Виллиан;Жозе;;12;FOR;650
betis;Aitor;Ruibal;;Айтор;Руибаль;;24;FOR;550
betis;Assane;Diao;;Ассане;Диао;;38;FOR;550
valencia;Jaume;Domenech;;Хауме;Доменек;;1;G;500
valencia;Cristian;Rivero;;Кристиан;Риверо;;13;G;450
valencia;Giorgi;Mamardashvili;;Георгий;Мамардашвили;;25;G;500
valencia;Cristhian;Mosquera;;Кристьян;Москера;;3;DEF;450
valencia;Mouctar;Diakhaby;;Муктар;Дьякаби;;4;DEF;500
valencia;Gabriel;Paulista;;Габриэл;Паулиста;;5;DEF;500
valencia;Thierry;Correia;;Тьерри;Коррея;;12;DEF;500
valencia;Jose;Gaya;;Хосе;Гайя;;14;DEF;550
valencia;Cenk;Ozkacar;;Дженк;Озкачар;;15;DEF;500
valencia;Dimitri;Foulquier;;Димитри;Фулкье;;20;DEF;500
valencia;Hugo;Guillamon;;Уго;Гильямон;;6;MID;600
valencia;Sergi;Canos;;Серхи;Канос;;7;MID;600
valencia;Javi;Guerra;;Хави;Герра;;8;MID;550
valencia;Andre;Almeida;;Андре;Алмейда;;10;MID;600
valencia;Jose Luis;Garcia Vaya;Pepelu;Хосе;Вайя;Пепелу;18;MID;550
valencia;Selim;Amallah;;Селим;Амалла;;19;MID;600
valencia;Fran;Perez;;Франциско;Перес;;23;MID;550
valencia;Hugo;Duro;;Уго;Дуро;;9;FOR;600
valencia;Diego;Lopez;;Диего;Лопес;;16;FOR;600
valencia;Roman;Yaremchuk;;Роман;Яремчук;;17;FOR;650
valencia;Alberto;Mari;;Альберто;Мари;;22;FOR;600
villarreal;Filip;Jörgensen;;Филип;Йоргенсен;;13;G;450
villarreal;Matteo;Gabbia;;Маттео;Габбиа;;2;DEF;500
villarreal;Raúl;Albiol;;Рауль;Альбиоль;;3;DEF;500
villarreal;Jorge;Cuenca;;Хорхе;Куэнка;;5;DEF;500
villarreal;Juan;Foyth;;Хуан;Фойт;;8;DEF;550
villarreal;Francisco;Femenía;Kiko;Кико;Фемения;Кико;17;DEF;500
villarreal;Alberto;Moreno;;Альберто;Морено;;18;DEF;500
villarreal;Aïssa;Mandi;;Айсса;Манди;;23;DEF;500
villarreal;Alfonso;Pedraza;;Альфонсо;Педраса;;24;DEF;550
villarreal;Adrià;Altimira;Alti;Адрия;Альтимира;Альти;26;DEF;500
villarreal;Carlos;Romero;;Карлос;Ромеро;;37;DEF;450
villarreal;Santiago;Comesaña;Santi;Сантьяго;Комесанья;Санти;4;MID;550
villarreal;Étienne;Capoue;;Этьен;Капу;;6;MID;550
villarreal;Daniel;Parejo;;Дани;Парехо;;10;MID;700
villarreal;Alejandro;Baena;;Алекс;Баэна;;16;MID;600
villarreal;Ramon;Terrats;;Рамон;Терратс;;20;MID;550
villarreal;Denis;Suárez;;Денис;Суарес;;22;MID;600
villarreal;Gerard;Balagueró;Gerard;Херар;Морено;Херар;7;FOR;750
villarreal;Brereton;Díaz;;Бен;Бреретон;;9;FOR;700
villarreal;Alexander;Sørloth;;Александр;Сёрлот;;11;FOR;700
villarreal;José Luis;Morales;;Хосе Луис;Моралес;;15;FOR;700
villarreal;Yéremy;Pino Santos;Yéremy;Йереми;Пино;Йереми;21;FOR;700
villarreal;Iliàs;Akhomach;;Ильяс;Ахомаш;;27;FOR;550
granada;Raul;Fernandez;;Рауль;Фернандес;;1;G;450
granada;Andre;Ferreira;;Андре;Феррейра;;13;G;450
granada;Wilson;Manafa;;Вилсон;Манафа;;3;DEF;500
granada;Miguel;Rubio;;Мигель;Рубио;;4;DEF;450
granada;Ricard;Sanchez;Ricard;Рикард;Санчес;;12;DEF;500
granada;Ignasi;Miquel;;Игнаси;Микель;;14;DEF;450
granada;Carlos;Neva;;Карлос;Нева;;15;DEF;500
granada;Rual;Torrente;;Рауль;Торренте;;28;DEF;450
granada;Alvaro;Carreras;;Альваро;Фернандес;;33;DEF;500
granada;Sergio;Ruiz;;Серхио;Руис;;20;MID;550
granada;Oscar;Melendo;;Оскар;Мелендо;;21;MID;600
granada;Gerard;Gumbau;;Херард;Гумбау;;23;MID;550
granada;Gonzalo;Villar;;Гонсало;Вильяр;;24;MID;550
granada;Lucas;Boye;;Лукас;Бое;;7;FOR;650
granada;Jose;Callejon;;Хосе;Кальехон;;9;FOR;650
granada;Antonio;Puertas;;Антонио;Пуэртас;;10;FOR;650
granada;Myrto;Uzuni;;Мюрто;Узуни;;11;FOR;700
granada;Bryan;Zaragoza;;Брайан;Сарагоса;;26;FOR;600
granada;Samu;Omorodion;;Саму;Омородион;;29;FOR;600
girona;Paulo;Gazzaniga;;Пауло;Гассанига;;13;G;500
girona;Miguel;Gutierrez;;Мигель;Гутьеррес;;3;DEF;500
girona;Arnau;Martinez;Arnau;Арнау;Мартинес;;4;DEF;550
girona;David;Lopez;;Давид;Лопес;;5;DEF;500
girona;;;Juanpe;;;Хуанпе;15;DEF;450
girona;Daley;Blind;;Дейли;Блинд;;17;DEF;550
girona;Yan;Couto;;Ян;Коуту;;20;DEF;550
girona;Eric;Garcia;;Эрик;Гарсия;;25;DEF;550
girona;Aleix;Garcia;;Алеиш;Гарсия;;14;MID;650
girona;Pablo;Torre;;Пабло;Торре;;18;MID;600
girona;Yangel;Herrera;;Янхель;Эррера;;21;MID;550
girona;Ivan;Martin;;Иван;Мартин;;23;MID;600
girona;Christian;Stuani;;Кристиан;Стуани;;7;FOR;650
girona;Viktor;Tsygankov;;Виктор;Цыганков;;8;FOR;650
girona;Artem;Dovbyk;;Артём;Довбик;;9;FOR;600
girona;Sávio;Moreira de Oliveira;Sávio;Савио;Морейра де Оливейра;Савио;16;FOR;550
cadiz;Jeremías;Ledesma;Conan;Херемьяс;Ледесма;;1;G;500
cadiz;Rafael;Giménez;Fali;Фали;Хименес;Фали;3;DEF;500
cadiz;Javier;Hernández;;Хавьер;Эрнандес;;15;DEF;500
cadiz;Isaac;Carcelén;;Исаак;Карселен;;20;DEF;500
cadiz;Jorge;Meré;;Хорхе;Мере;;22;DEF;450
cadiz;Luis;Hernández;;Луис;Эрнандес;;23;DEF;500
cadiz;Lucas;Pires;;Лукас;Пирес;;33;DEF;450
cadiz;Rubén;Alcaraz;;Рубен;Алькарас;;4;MID;600
cadiz;Alejandro;Fernández;;Алехандро;Фернандес;;8;MID;650
cadiz;Rominigue;Kouamé;;Роминиг;Куаме;;12;MID;550
cadiz;Gonzalo;Escalante;;Гонсало;Эскаланте;;17;MID;600
cadiz;Federico;San Emeterio;;Федерико;Сан Эметерио;Феде;24;MID;500
cadiz;Robert;Navarro;;Роберт;Наварро;;27;MID;550
cadiz;Rubén;Sobrino;;Рубен;Собрино;;7;FOR;600
cadiz;Iván;Alejo;;Иван;Алехо;;11;FOR;550
cadiz;Christopher;Ramos;;Кристофер;Рамос;;16;FOR;600
cadiz;Darwin;Machis;;Дарвин;Мачис;;18;FOR;650
cadiz;Roger;Martí;;Рохер;Марти;;21;FOR;600
cadiz;Maximiliano;Gómez;;Макси;Гомес;;25;FOR;650
laspalmas;Alvaro;Valles;;Альваро;Вальес;;13;G;450
laspalmas;Marvin;Park;;Марвин;Парк;;2;DEF;500
laspalmas;Sergi;Cardona;;Серхи;Кардона;;3;DEF;500
laspalmas;Alex;Suarez;;Алекс;Суарес;;4;DEF;450
laspalmas;Alvaro;Lemos;;Альваро;Лемос;;14;DEF;500
laspalmas;Mika;Marmol;;Мика;Мармоль;;15;DEF;450
laspalmas;;;Coco;;;Коко;23;DEF;450
laspalmas;Julian;Araujo;;Хулиан;Араухо;;28;DEF;500
laspalmas;Javi;Munoz;;Хавьер;Муньос;;5;MID;550
laspalmas;Alberto;Moleiro;;Альберто;Молейро;;10;MID;600
laspalmas;Enzo;Loiodice;;Энзо;Луаодис;;12;MID;600
laspalmas;Daley;Sinkgraven;;Дэйли;Синкгравен;;18;MID;500
laspalmas;Kirian;Rodríguez;;Кирьян;Родригес;;20;MID;600
laspalmas;Jonathan;Viera;;Хонатан;Виера;;21;MID;650
laspalmas;Sandro;Ramirez;;Сандро;Рамирес;;9;FOR;650
laspalmas;Benito;Ramirez;;Бенито;Рамирес;;11;FOR;600
laspalmas;Sory;Kaba;;Сори;Каба;;16;FOR;600
laspalmas;Munir;El Haddadi;;Мунир;Эль-Хаддади;;17;FOR;650
laspalmas;Marc;Cardona;;Марк;Кардона;;19;FOR;600
laspalmas;Francisco;García;Pejiño;Франциско;Гарсия;Пехиньо;24;FOR;600
mallorca;Predrag;Rajković;;Предраг;Райкович;;1;G;500
mallorca;Matija;Nastasić;;Матия;Настасич;;2;DEF;500
mallorca;Antonio;Latorre;;Тони;Лато;;3;DEF;500
mallorca;José;Copete;;Хосе;Копете;;6;DEF;500
mallorca;Jaume;Costa;;Хауме;Коста;;11;DEF;500
mallorca;Pablo;Maffeo;;Пабло;Маффео;;15;DEF;500
mallorca;Giovanni;González;;Джованни;Гонсалес;;20;DEF;450
mallorca;Antonio;Raíllo;;Антонио;Раильо;;21;DEF;500
mallorca;Martin;Valjent;;Мартин;Вальент;;24;DEF;500
mallorca;Omar;Mascarell;;Омар;Маскарель;;5;MID;550
mallorca;Manu;Morlanes;;Ману;Морланес;;8;MID;500
mallorca;Daniel;Rodríguez;;Дани;Родригес;;14;MID;650
mallorca;Antonio;Sanchez;;Антонио;Санчес;;18;MID;550
mallorca;Vedat;Muriqi;;Ведат;Мурики;;7;FOR;700
mallorca;Abdon;Prats;;Абдон;Пратс;;9;FOR;550
mallorca;Cyle;Larin;;Кайл;Ларин;;17;FOR;650
mallorca;Amath;Ndiaye;;Амат;Ндиайе;;23;FOR;550
osasuna;Sergio;Herrera;;Серхио;Эррера;;1;G;500
osasuna;Aitor;Fernández;;Айтор;Фернандес;;13;G;500
osasuna;Nacho;Vidal;;Начо;Видаль;;2;DEF;500
osasuna;Juan;Cruz;;Хуан;Крус;;3;DEF;500
osasuna;David;Garcia;;Давид;Гарсия;;5;DEF;500
osasuna;Jesús;Areso;;Хесус;Аресо;;12;DEF;500
osasuna;Ruben;Peña;;Рубен;Пенья;;15;DEF;500
osasuna;Johan;Mojica;;Хоан;Мохика;;22;DEF;500
osasuna;Alejandro;Catena;;Алехандро;Катена;;24;DEF;500
osasuna;Lucas;Torro;;Лукас;Торро;;6;MID;550
osasuna;Jon;Moncayola;;Хон;Монкайола;;7;MID;600
osasuna;Aimar;Huarte;;Аймар;Орос;;10;MID;600
osasuna;Kike;Barja;;Энрике;Барха;;11;MID;550
osasuna;Ruben;Garcia;;Рубен;Гарсия;;14;MID;600
osasuna;Moi;Gomez;;Мой;Гомес;;16;MID;650
osasuna;Pablo;Ibanez;;Пабло;Ибаньес;;19;MID;550
osasuna;Iker;Munoz;;Икер;Муньос;;34;MID;500
osasuna;Chimy;Avila;;Чими;Авила;;9;FOR;650
osasuna;Ante;Budimir;;Анте;Будимир;;17;FOR;650
osasuna;Jose;Arnaiz;;Хосе;Арнаис;;20;FOR;550
rayovallecano;Stole;Dimitrievski;;Столе;Димитриевски;;1;G;500
rayovallecano;Aridane;Hernández;;Аридане;Эрнандес;;5;DEF;450
rayovallecano;Alfonso;Espino;;Луис;Эспино;;12;DEF;500
rayovallecano;Abdul;Mumin;;Абдул;Мумин;;16;DEF;450
rayovallecano;Ivan;Balliu;;Иван;Балиу;;20;DEF;500
rayovallecano;Florian;Lejeune;;Флорьян;Лежён;;24;DEF;500
rayovallecano;Isi;Palazon;;Иси;Паласон;;7;MID;700
rayovallecano;Oscar;Trejo;;Оскар;Трехо;;8;MID;650
rayovallecano;Kike;Perez;;Кике;Перес;;14;MID;550
rayovallecano;Unai;Lopez;;Унай;Лопес;;17;MID;550
rayovallecano;Alvaro;Rivera;;Альваро;Гарсия;;18;MID;700
rayovallecano;Pathe;Ciss;;Пате;Сисс;;21;MID;550
rayovallecano;Oscar;Valentin;;Оскар;Мартин;;23;MID;500
rayovallecano;Radamel;Falcao;;Радамель;Фалькао;;9;FOR;600
rayovallecano;Tiago;Correia;Bebe;Тиаго;Корреха;Бебе;10;FOR;600
rayovallecano;Randy;Nteka;;Ранди;Нтекья;;11;FOR;550
rayovallecano;Jorge;De Frutos;;Хорхе;де Фрутос;;19;FOR;650
rayovallecano;Raul;de Tomas;;Рауль;де Томас;;22;FOR;700
rayovallecano;Sergio;Camello;;Серхио;Камельо;;34;FOR;650
real_madrid;Andriy;Lunin;;Андрей;Лунин;;13;G;500
real_madrid;Kepa;Arrizabalaga;;Кепа;Аррисабалага;;25;G;600
real_madrid;Daniel;Carvajal;;Даниэль;Карвахаль;;2;DEF;600
real_madrid;David;Alaba;;Давид;Алаба;;4;DEF;600
real_madrid;Jose;Fernandez;Nacho;Хосе;Фернандес;Начо;6;DEF;550
real_madrid;Fran;Garcia;;Франсиско;Гарсия;;20;DEF;550
real_madrid;Antonio;Rüdiger;;Антонио;Рюдигер;;22;DEF;600
real_madrid;Ferland;Mendy;;Ферлан;Менди;;23;DEF;550
real_madrid;Jude;Bellingham;;Джуд;Беллингем;;5;MID;800
real_madrid;Toni;Kroos;;Тони;Кроос;;8;MID;750
real_madrid;Luka;Modric;;Лукас;Модрич;;10;MID;700
real_madrid;Eduardo;Camavinga;;Эдуарду;Камавинга;;12;MID;600
real_madrid;Federico;Valverde;;Федерико;Вальверде;;15;MID;800
real_madrid;Aurélien;Tchouaméni;;Орельен;Тчуамени;;18;MID;650
real_madrid;Vinicius;de Oliveira;Vinicius Junior;Винисиус;де Оливейра;Винисиус Жуниор;7;FOR;1000
real_madrid;Rodrygo;Goes;;Родриго;Гоеш;Родриго;11;FOR;850
real_madrid;Joselu;Mato;;Хоселу;Мато;Хоселу;14;FOR;750
real_madrid;Brahim;Diaz;;Браим;Диас;;21;FOR;700
real_sociedad;Alejandro;Remiro;;Алекс;Ремиро;;1;G;550
real_sociedad;Aihen;Munoz;;Айен;Муньос;;3;DEF;500
real_sociedad;Igor;Zubeldia;;Игор;Субельдия;;5;DEF;500
real_sociedad;Aritz;Irribarria;;Ариц;Элустондо;;6;DEF;550
real_sociedad;Hamari;Traore;;Амари;Траоре;;18;DEF;550
real_sociedad;Jon;Pacheco;;Хон;Пачеко;;20;DEF;500
real_sociedad;Robin;Le Normand;;Робен;Ле Норман;;24;DEF;550
real_sociedad;Alex;Sola;;Алекс;Сола;;2;MID;450
real_sociedad;Martin;Zubimendi;;Мартин;Субименди;;4;MID;600
real_sociedad;Ander;Barrene;;Андер;Барренечеа;;7;MID;600
real_sociedad;Mikel;Merino;;Микель;Мерино;;8;MID;700
real_sociedad;Arsen;Zakharyan;;Арсен;Захарян;;12;MID;650
real_sociedad;Jon Ander;Olasagasti;;Хон Андер;Оласагасти;;16;MID;550
real_sociedad;Kieran;Tierney;;Киран;Тирни;;17;MID;550
real_sociedad;Benat;Turrientes;;Беньят;Туррьентес;;22;MID;500
real_sociedad;Brais;Mendez;;Брайс;Мендес;;23;MID;750
real_sociedad;Carlos;Fernandez;;Карлос;Фернандес;;9;FOR;600
real_sociedad;Mikel;Oyarzabal;;Микель;Оярсабаль;;10;FOR;750
real_sociedad;Mohammed-Ali;Cho;;Мохамед-Али;Шо;;11;FOR;650
real_sociedad;Takefusa;Kubo;;Такефуса;Кубо;;14;FOR;750
real_sociedad;Sadiq;Umar;;Умар;Садик;;19;FOR;700
celta;Ivan;Villar;;Иван;Вильяр;;13;G;500
celta;Oscar;Mingueza;;Оскар;Мингеса;;3;DEF;500
celta;Carl;Starfeld;;Карлос;Старфельт;;2;DEF;500
celta;Unai;Nunez;;Унай;Нуньес;;4;DEF;500
celta;Joseph;Aidoo;;Джозеф;Айду;;15;DEF;550
celta;Kevin;Vazquez;;Кевин;Васкес;;20;DEF;450
celta;Mihailo;Ristic;;Михайло;Ристич;;21;DEF;500
celta;Manu;Sanchez;;Мануэль;Санчес;;23;DEF;500
celta;Fran;Beltran;;Фран;Бельтран;;8;MID;550
celta;Lucas;de la Torre;;Лукас;де ла Торре;;14;MID;600
celta;Renato;Tapia;;Ренато;Тапиа;;5;MID;550
celta;Willot;Swedberg;;Уиллот;Сведберг;;19;MID;550
celta;Carlos;Dotor;;Карлос;Дотор;;6;MID;500
celta;Carles;Sayol;;Карлес;Сайоль;;7;FOR;600
celta;Jonathan;Bamba;;Жонатан;Бамба;;17;FOR;750
celta;Anastasios;Douvikas;;Анастасиос;Дувикас;;12;FOR;700
celta;Iago;Aspas;;Яго;Аспас;;10;FOR;750
celta;Franco;Cervi;;Франко;Серви;;11;FOR;650
celta;Jörgen;Larsen;;Йерген;Ларсен;;18;FOR;650
getafe;David;Soria;;Давид;Сория;;13;G;550
getafe;Djene;Ortega;;Джене;Ортега;;2;DEF;550
getafe;Gaston;Alvarez;;Гастон;Альварес;;4;DEF;500
getafe;Domingos;Duarte;;Домингуш;Дуарте;;6;DEF;550
getafe;Omar;Alderete;;Омар;Альдерете;;15;DEF;500
getafe;Diego;Rico;;Диего;Рико;;16;DEF;500
getafe;Jose;Carmona;;Хосе;Кармона;;18;DEF;500
getafe;Juan;Iglesias;;Хуан;Иглесиас;;21;DEF;500
getafe;Damian;Suarez;;Дамиан;Суарес;;22;DEF;550
getafe;Stefan;Mitrovic;;Стефан;Митрович;;23;DEF;500
getafe;Luis;Milla;;Луис;Милья;;5;MID;550
getafe;Mauro;Arambarri;;Мауро;Арамбарри;;8;MID;550
getafe;Carles;Alena;;Карлес;Аленья;;11;MID;600
getafe;Nemanja;Maksimovic;;Неманья;Максимович;;20;MID;600
getafe;Jaime;Mata;;Хайме;Мата;;7;FOR;600
getafe;Mason;Greenwood;;Мэйсон;Гринвуд;;12;FOR;650
getafe;Juan;Latasa;;Хуанми;Латаса;;14;FOR;600
getafe;Borja;Mayoral;;Борха;Майораль;;19;FOR;700
sevilla;Marco;Dmitrovic;;Марко;Дмитрович;;1;G;500
sevilla;Orjan;Nyland;;Эрьян;Нуланд;;13;G;500
sevilla;Adria;Pedrosa;;Адрия;Педроса;;3;DEF;500
sevilla;Sergio;Ramos;;Серхио;Рамос;;4;DEF;600
sevilla;Jesus;Navas;;Хесус;Навас;;16;DEF;550
sevilla;Marcos;Acuna;;Маркос;Акунья;;19;DEF;600
sevilla;Loic;Bade;;Луак;Баде;;22;DEF;550
sevilla;Nemanja;Gudelj;;Неманья;Гудель;;6;MID;600
sevilla;Joan;Jordan;;Жоан;Жордан;;8;MID;600
sevilla;Ivan;Rakitic;;Иван;Ракитич;;10;MID;650
sevilla;Djibril;Sow;;Джибриль;Соу;;18;MID;600
sevilla;Fernando;Reges;;Фернандо;Регес;;20;MID;600
sevilla;Oliver;Torres;;Оливер;Торрес;;21;MID;650
sevilla;Boubakary;Soumare;;Бубакари;Сумаре;;24;MID;550
sevilla;Lucas;Ocampos;;Лукас;Окампос;;5;FOR;750
sevilla;Jesus;de la Torre;Suso;Хесус;де ла Торре;Сусо;7;FOR;650
sevilla;Rafael;Mir;;Рафаэль;Мир;;9;FOR;700
sevilla;Dodi;Lukebakio;;Доди;Лукебакио;;11;FOR;700
sevilla;Youssef;En-Nesyri;;Юссеф;Эн-Несири;;15;FOR;750
sevilla;Erik;Lamela;;Эрик;Ламела;;17;FOR;700
