napoli;Alex;Meret;;Алекс;Мерет;;1;G;550
napoli;Nikita;Contini;;Никита;Контини;;14;G;400
napoli;Hubert;Idasiak;;Губерт;Идасяк;;16;G;400
napoli;Pierluigi;Gollini;;Пьерлуиджи;Голлини;;95;G;440
napoli;Natan;De Souza;Natan;Натан;Де Соуза;Натан;3;DEF;500
napoli;Juan;Jesus;;Жуан;Жезус;;5;DEF;440
napoli;Mario;Rui;;Марио;Руй;;6;DEF;480
napoli;Amir;Rrahmani;;Амир;Ррахмани;;13;DEF;520
napoli;Mathias;Olivera;;Матиас;Оливера;;17;DEF;540
napoli;Giovanni;Di Lorenzo;;Джованни;Ди Лоренцо;;22;DEF;650
napoli;Leo;Østigard;;Лео;Эстигор;;55;DEF;460
napoli;Alessandro;Zanoli;;Алессандро;Дзаноли;;59;DEF;420
napoli;Diego;Demme;;Диего;Демме;;4;MID;450
napoli;Eljif;Elmas;;Элиф;Элмас;;7;MID;620
napoli;Piotr;Zielinski;;Пётр;Зелиньски;;20;MID;750
napoli;Jens;Cajuste;;Йенс;Каюсте;;24;MID;480
napoli;Jesper;Lindstrøm;;Йеспер;Линдстрем;;29;MID;580
napoli;Stanislav;Lobotka;;Станислав;Лоботка;;68;MID;540
napoli;Gianluca;Gaetano;;Джанлука;Гаетано;;70;MID;450
napoli;Frank;Anguissa;;Френк;Ангисса;;99;MID;450
napoli;Victor;Osimhen;;Виктор;Осимхен;;9;FOR;1000
napoli;Giovanni;Simeone;;Джованни;Симеоне;;18;FOR;680
napoli;Matteo;Politano;;Маттео;Политано;;21;FOR;660
napoli;Alessio;Zerbin;;Алессио;Зербин;;23;FOR;440
napoli;Khvicha;Kvaratskhelia;;Хвича;Кварацхелия;;77;FOR;1050
napoli;Giacomo;Raspadori;;Джакомо;Распадори;;81;FOR;600
inter;Yann;Sommer;;Ян;Зоммер;;1;G;500
inter;Raffaele;Di Gennaro;;Раффаэле;Ди Дженнаро;;12;G;400
inter;Emil;Audero;;Эмиль;Аудеро;;77;G;440
inter;Stefan;De Vrij;;Стефан;де Врей;;6;DEF;500
inter;Francesco;Acerbi;;Франческо;Ачерби;;15;DEF;580
inter;Benjamin;Pavard;;Бенжамен;Павар;;28;DEF;620
inter;Yann-Aurel;Bisseck;;Янн;Биссек;;31;DEF;460
inter;Federico;Dimarco;;Федерико;Димарко;;32;DEF;620
inter;Matteo;Darmian;;Маттео;Дармиан;;36;DEF;500
inter;Alessandro;Bastoni;;Алессандро;Бастони;;95;DEF;540
inter;Denzel;Dumfries;;Дензел;Думфрис;;2;MID;560
inter;Stefano;Sensi;;Стефано;Сенси;;5;MID;500
inter;Juan;Cuadrado;;Хуан;Куадрадо;;7;MID;600
inter;Davy;Klaassen;;Дэви;Классен;;14;MID;700
inter;Davide;Frattesi;;Давиде;Фраттези;;16;MID;660
inter;Hakan;Calhanoglu;;Хакан;Чалханоглу;;20;MID;720
inter;Kristjan;Asllani;;Кристьян;Аслани;;21;MID;480
inter;Henrikh;Mkhitaryan;;Генрих;Мхитарян;;22;MID;670
inter;Nicolo;Barella;;Николо;Барелла;;23;MID;700
inter;Carlos;Augusto;;Карлос;Аугусто;;30;MID;450
inter;Lucien;Agoume;;Люсьен;Агуме;;42;MID;450
inter;Marko;Arnautovic;;Марко;Арнаутович;;8;FOR;700
inter;Marcus;Thuram;;Маркус;Тюрам;;9;FOR;700
inter;Lautaro;Martinez;;Лаутаро;Мартинез;;10;FOR;1100
inter;Alexis;Sanchez;;Алексис;Санчез;;70;FOR;700
milan;Mike;Maignan;;Майк;Меньян;;16;G;500
milan;Antonio;Mirante;;Антонио;Миранте;;83;G;400
milan;Marco;Sportiello;;Марко;Спортьелло;;57;G;440
milan;Davide;Calabria;;Давиде;Калабрия;;2;DEF;540
milan;Mattia;Caldara;;Маттиа;Кальдара;;30;DEF;420
milan;Alessandro;Florenzi;;Алессандро;Флоренци;;42;DEF;440
milan;Theo;Hernandez;;Тео;Эрнандес;;19;DEF;650
milan;Pierre;Kalulu;;Пьер;Калулу;;20;DEF;500
milan;Simon;Kjær;;Симон;Кьер;;24;DEF;440
milan;Marco;Pellegrino;;Марко;Пеллегрино;;31;DEF;440
milan;Malick;Thiaw;;Малик;Тиав;;28;DEF;460
milan;Fikayo;Tomori;;Фикайо;Томори;;23;DEF;580
milan;Yacine;Adli;;Ясин;Адли;;7;MID;480
milan;Ismael;Bennacer;;Исмаэль;Беннасер;;4;MID;560
milan;Rade;Krunić;;Раде;Крунич;;33;MID;520
milan;Ruben;Loftus-Cheek;;Рубен;Лофтус-Чик;;8;MID;600
milan;Yunus;Musah;;Юнус;Муса;;80;MID;500
milan;Tommaso;Pobega;;Таммазо;Побега;;32;MID;460
milan;Christian;Pulisic;;Кристиан;Пулишич;;11;MID;820
milan;Tiijani;Reijnders;;Тейани;Рейндерс;;14;MID;580
milan;Luka;Romero;;Лука;Ромеро;;18;MID;500
milan;Samuel;Chukwueze;;Сэмюэл;Чуквуэзэ;;21;FOR;670
milan;Olivier;Giroud;;Оливье;Жиру;;9;FOR;880
milan;Luka;Jović;;Лука;Йович;;15;FOR;660
milan;Rafael;Leão;;Рафаэль;Леау;;10;FOR;1020
milan;Noah;Okafor;;Ноа;Окафор;;17;FOR;700
juventus;Wojciech;Szczesny;;Войцех;Счесны;;1;G;520
juventus;Carlo;Pinsoglio;;Карло;Пинсолио;;23;G;400
juventus;Mattia;Perin;;Маттиа;Перин;;36;G;440
juventus;Mattia;De Sciglio;;Маттиа;Де Шильо;;2;DEF;440
juventus;Gleison;Bremer;Bremer;Глейсон;Бремер;Бремер;3;DEF;580
juventus;Federico;Gatti;;Федерико;Гатти;;4;DEF;480
juventus;Luiz da Silva;Danilo;Danilo;Луис де Сильва;Данило;Данило;6;DEF;640
juventus;Alex;Sandro;;Алекс;Сандро;;12;DEF;480
juventus;Daniele;Rugani;;Даниэль;Ругани;;24;DEF;460
juventus;Andrea;Cambiaso;;Андреа;Камбьясо;;27;DEF;440
juventus;Manuel;Locatelli;;Мануэль;Локателли;;5;MID;500
juventus;Paul;Pogba;;Поль;Погба;;10;MID;620
juventus;Filip;Kostić;;Филип;Костич;;11;MID;660
juventus;Weston;Mckennie;;Уэстон;Маккенни;;16;MID;500
juventus;Fabio;Miretti;;Фабио;Миретти;;20;MID;460
juventus;Nicolo;Fagioli;;Николо;Фаджоли;;21;MID;480
juventus;Timothy;Weah;;Тимоти;Веа;;22;MID;700
juventus;Adrien;Rabiot;;Адриен;Рабьо;;25;MID;660
juventus;Hans;Nicolussi Caviglia;;Ханс;Николусси-Кавилья;;41;MID;450
juventus;Federico;Chiesa;;Федерико;Кьеза;;7;FOR;860
juventus;Dušan;Vlahović;;Душан;Влахович;;9;FOR;920
juventus;Arkadiusz;Milik;;Аркадиуш;Милик;;14;FOR;680
juventus;Samuel;Iling-Junior;;Сэм;Айлинг;;17;FOR;460
juventus;Moise;Kean;;Мойзе;Кин;;18;FOR;580
roma;Rui;Patricio;;Руй;Патрисиу;;1;G;500
roma;Pietro;Boer;;Пьетро;Боер;;63;G;400
roma;Mile;Svilar;;Миле;Свилар;;99;G;420
roma;Evan;Ndicka;;Эван;Ндика;;5;DEF;500
roma;Rasmus;Kristensen;;Расмус;Кристенсен;;43;DEF;420
roma;Chris;Smalling;;Крис;Смоллинг;;6;DEF;550
roma;Rick;Karsdorp;;Рик;Карсдорп;;2;DEF;480
roma;Leonardo;Spinazzola;;Леонардо;Спинаццола;;37;DEF;500
roma;Zeki;Çelik;;Зеки;Челик;;19;DEF;440
roma;Gianluca;Mancini;;Джанлука;Манчини;;23;DEF;550
roma;Marash;Kumbulla;;Мараш;Кумбула;;24;DEF;440
roma;Diego;Llorente;;Диего;Лиоренте;;14;DEF;460
roma;Houssem;Aouar;;Уссем;Ауар;;22;MID;580
roma;Leandro;Paredes;;Леандро;Паредес;;16;MID;620
roma;Renato;Sanches;;Ренато;Санчес;;20;MID;480
roma;Lorenzo;Pellegrini;;Лоренцо;Пеллегрини;;7;MID;800
roma;Nicola;Zalewski;;Никола;Залевски;;59;MID;480
roma;Bryan;Cristante;;Брайан;Кристанте;;4;MID;520
roma;Edoardo;Bove;;Эдоардо;Бове;;52;MID;460
roma;Romelu;Lukaku;;Ромелу;Лукаку;;90;FOR;920
roma;Sardar;Azmoun;;Сердар;Азмун;;17;FOR;680
roma;Paulo;Dybala;;Паоло;Дибала;;21;FOR;1100
roma;Tammy;Abraham;;Тэмми;Абрахам;;9;FOR;800
roma;Stephan;El Shaarawy;;Стефан;Эль-Шаарави;;92;FOR;540
roma;Andrea;Belotti;;Андреа;Белотти;;11;FOR;700
atalanta;Juan;Musso;;Хуан;Муссо;;1;G;480
atalanta;Marco;Carnesecchi;;Марко;Карнезекки;;29;G;460
atalanta;Francesco;Rossi;;Франческо;Росси;;31;G;400
atalanta;Rafael;Toloi;;Рафаэл;Толои;;2;DEF;500
atalanta;Jose Luis;Palomino;;Хосе Луис;Паломино;;6;DEF;480
atalanta;Berat;Djimsiti;;Берат;Джимшити;;19;DEF;540
atalanta;Sead;Kolasinac;;Сеад;Колашинац;;23;DEF;540
atalanta;Giorgio;Scalvini;;Джорджо;Скальвини;;42;DEF;480
atalanta;Giovanni;Bonfanti;;Джованни;Бонфанти;;43;DEF;420
atalanta;Emil Alfons;Holm;;Эмиль;Хольм;;3;MID;420
atalanta;Teun;Koopmeiners;;Тен;Копмейнерс;;7;MID;720
atalanta;Mario;Pašalić;;Марио;Пашалич;;8;MID;700
atalanta;Jose Dos Santos;Ederson;Ederson;Хосе дос Сантос;Эдерсон;Эдерсон;13;MID;620
atalanta;Marten;De Roon;;Мартен;Де Рун;;15;MID;560
atalanta;Mitchel;Bakker;;Митчел;Бэккер;;20;MID;480
atalanta;Nadir;Zortea;;Надир;Зортеа;;21;MID;450
atalanta;Matteo;Ruggeri;;Маттео;Руджери;;22;MID;450
atalanta;Michel Ndary;Adopo;;Ндари;Адопо;;25;MID;450
atalanta;Hans;Hateboer;;Ханс;Хатебур;;33;MID;450
atalanta;Davide;Zappacosta;;Давид;Дзапакоста;;77;MID;500
atalanta;Luis;Muriel;;Луис;Муриэл;;9;FOR;700
atalanta;El Bilal;Toure;;Эль-Билал;Туре;;10;FOR;560
atalanta;Ademola;Lookman;;Адемола;Лукмэн;;11;FOR;800
atalanta;Charles;De Ketelaere;;Шарль;Де Кетеларе;;17;FOR;580
atalanta;Aleksey;Miranchuk;;Алексей;Миранчук;;59;FOR;600
atalanta;Gianluca;Scamacca;;Джанлука;Скамакка;;90;FOR;720
lazio;Ivan;Provedel;;Иван;Проведель;;94;G;550
lazio;Christos;Mandas;;Христос;Мандас;;35;G;400
lazio;Luigi;Sepe;;Луиджи;Сепе;;33;G;440
lazio;Luca;Pellegrini;;Лука;Пеллегрини;;3;DEF;440
lazio;Patricio;Gabarron Gil;;Патрисио;Габаррон;;4;DEF;450
lazio;Alessio;Romagnoli;;Алессио;Романьоли;;13;DEF;580
lazio;Nicolo;Casale;;Николо;Казале;;15;DEF;440
lazio;Dimitrije;Kamenovic;;Дмитрие;Каменович;;16;DEF;440
lazio;Elseid Gezim;Hysaj;;Эльсеид;Хюсай;;23;DEF;440
lazio;Mario;Gila Fuentes;;Марио;Хила;;34;DEF;420
lazio;Adam;Marušić;;Адам;Марушич;;77;DEF;500
lazio;Matias;Vecino Falero;;Матиас;Весино;;5;MID;520
lazio;Daichi;Kamada;;Даичи;Камада;;6;MID;750
lazio;Felipe;Anderson Pereira Gomes;;Фелипе;Андерсон;;7;MID;800
lazio;Matteo Elias Kenzo;Guendouzi Olie;;Маттео;Гендузи;;8;MID;500
lazio;Luis Alberto;Romero Alconchel;;Луис;Альберто;;10;MID;840
lazio;Mattia;Zaccagni;;Маттиа;Дзакканьи;;20;MID;820
lazio;Toma;Bašić;;Тома;Башич;;26;MID;500
lazio;Manuel;Lazzari;;Мануэль;Ладзари;;29;MID;480
lazio;Danilo;Cataldi;;Данило;Катальди;;32;MID;500
lazio;Nicolo;Rovella;;Николо;Ровелла;;65;MID;480
lazio;Pedro Eliezer;Rodriguez Ledesma;Pedro;Педро;Родригез;Педро;9;FOR;700
lazio;Ciro;Immobile;;Чиро;Иммобиле;;17;FOR;1020
lazio;Gustav;Tang Isaksen;;Густав;Исаксен;;18;FOR;580
lazio;Valentin Mariano Jose;Castellanos Gimenez;;Валентин;Кастельянос;;19;FOR;620
lazio;Diego Luis;Gonzalez Alcaraz;;Диего;Алькарас;;22;FOR;550
lazio;Cristiano;Lombardi;;Кристиано;Ломбарди;;87;FOR;550
fiorentina;Pietro;Terracciano;;Пьетро;Терраччано;;1;G;480
fiorentina;Oliver;Christensen;;Оливер;Кристенсен;;53;G;420
fiorentina;Cristiano;Biraghi;;Кристиано;Бираджи;;3;DEF;520
fiorentina;Pietro;Comuzzo;;Пьетро;Комуццо;;77;DEF;400
fiorentina;Christian;Dalle Mura;;Кристиан;Далле Мура;;14;DEF;420
fiorentina;Domilson;Santos;Dodo;Домилсон;Сантос;Додо;2;DEF;500
fiorentina;Michael;Kayode;;Майкл;Кайоде;;34;DEF;440
fiorentina;Lucas;Martinez Quarta;;Лукас;Мартинез;;28;DEF;540
fiorentina;Nikola;Milenkovic;;Никола;Миленкович;;4;DEF;500
fiorentina;Yerri;Mina;;Йерри;Мина;;26;DEF;460
fiorentina;Fabiano;Parisi;;Фабиано;Паризи;;65;DEF;500
fiorentina;Niccolo;Pierozzi;;Никколо;Пьероцци;;70;DEF;400
fiorentina;Luca;Ranieri;;Лука;Раньери;;16;DEF;420
fiorentina;Lorenzo;Amatucci;;Лоренцо;Аматуччи;;73;MID;450
fiorentina;Melo;Arthur;Arthur;Артур;Мело;Артур;6;MID;500
fiorentina;Antonin;Barak;;Антонин;Барак;;72;MID;560
fiorentina;Giacomo;Bonaventura;;Джакомо;Бонавентура;;5;MID;620
fiorentina;Gaetano;Castrovilli;;Гаэтано;Кастровилли;;17;MID;560
fiorentina;Alfred;Dunkan;;Альфред;Дункан;;32;MID;450
fiorentina;Gino;Infantino;;Джино;Инфантино;;19;MID;450
fiorentina;Maxime;Lopex;;Максим;Лопес;;8;MID;520
fiorentina;Rolando;Mandragora;;Роландо;Мандрагора;;38;MID;500
fiorentina;Lucas;Beltran;;Лукас;Бельтран;;9;FOR;680
fiorentina;Josip;Brekalo;;Йосип;Брекало;;77;FOR;520
fiorentina;Nicolas;Gonzales;;Николас;Гонсалес;;10;FOR;680
fiorentina;Jonathan;Ikone;;Жонатан;Иконе;;11;FOR;600
fiorentina;Christian;Kouame;;Кристиан;Куаме;;99;FOR;580
fiorentina;M'Bala;Nzola;;Мбала;Нзола;;18;FOR;620
fiorentina;Riccardo;Sottil;;Риккардо;Соттиль;;7;FOR;580
torino;Luca;Gemello;;Лука;Джемелло;;1;G;400
torino;Vanja;Milinkovic-Savic;;Ваня;Милинкович-Савич;;32;G;540
torino;Mihai;Popa;;Михай;Попа;;71;G;400
torino;Perr;Schuurs;;Перр;Шюрс;;3;DEF;480
torino;Alessandro;Buongiorno;;Алессандро;Буонджорно;;4;DEF;520
torino;David;Zima;;Давид;Зима;;6;DEF;440
torino;Ricardo;Rodriguez;;Рикардо;Родригез;;13;DEF;460
torino;Saba;Sazonov;;Саба;Сазонов;;15;DEF;420
torino;Koffi;Djidji;;Коффи;Джиджи;;26;DEF;460
torino;Ange;N'Guessan;;Анж;Нгессан;;94;DEF;450
torino;Ivan;Ilić;;Иван;Илич;;8;MID;520
torino;Raoul;Bellanova;;Рауль;Белланова;;19;MID;500
torino;Valentino;Lazaro;;Валентино;Лазаро;;20;MID;520
torino;Mergim;Vojvoda;;Мергим;Войвода;;27;MID;530
torino;Samuele;Ricci;;Самуэль;Риччи;;28;MID;600
torino;Adrien;Tameze;;Адриен;Тамезе;;61;MID;480
torino;Gvidas;Gineitis;;Гвидас;Гинейтис;;66;MID;450
torino;Karol;Linetty;;Карол;Линетти;;77;MID;480
torino;Brandon;Soppy;;Брендон;Соппи;;96;MID;450
torino;Yann;Karamoh;;Янн;Карамо;;7;FOR;550
torino;Antonio;Sanabria;;Антонио;Санабриа;;9;FOR;700
torino;Nemanja;Radonić;;Неманья;Радонич;;10;FOR;600
torino;Pietro;Pellegri;;Пьетро;Пеллегри;;11;FOR;540
torino;Nikola;Vlasic;;Никола;Влашич;;16;FOR;780
torino;Demba;Seck;;Демба;Сек;;23;FOR;500
torino;Duvan;Zapata;;Дуван;Сапата;;91;FOR;780
bolognia;Nicola;Bagnolini;;Никола;Баньолини;;23;G;400
bolognia;Lukasz;Skorupski;;Лукаш;Скорупски;;28;G;500
bolognia;Federico;Ravaglia;;Федерико;Равалья;;34;G;400
bolognia;Stefan;Posch;;Стефан;Пош;;3;DEF;480
bolognia;Adama;Soumaoro;;Адама;Соумаоро;;5;DEF;480
bolognia;Kevin;Bonifazi;;Кевин;Бонифаци;;14;DEF;440
bolognia;Victor;Kristiansen;;Виктор;Кристиансен;;15;DEF;500
bolognia;Tommaso;Corazza;;Томмасо;Корац;;16;DEF;420
bolognia;Charalampos;Lykogiannis;;Харалампос;Ликояннис;;22;DEF;460
bolognia;Jhon;Lucumi;;Джон;Лукуми;;26;DEF;460
bolognia;Lorenzo;De Silvestri;;Лоренцо;Де Сильвестри;;29;DEF;460
bolognia;Sam;Beukema;;Сэм;Бекема;;31;DEF;500
bolognia;Riccardo;Calafiori;;Риккардо;Калафьори;;33;DEF;470
bolognia;Nikola;Moro;;Никола;Моро;;6;MID;460
bolognia;Remo;Freuler;;Ремо;Фройлер;;8;MID;520
bolognia;Oussama;El Azzouzi;;Уссама;Эль Аззузи;;17;MID;500
bolognia;Lewis;Ferguson;;Льюис;Фергюссон;;19;MID;540
bolognia;Michel;Aebischer;;Майкл;Эбишер;;20;MID;480
bolognia;Alexis;Saelemaekers;;Алексис;Салемакерс;;56;MID;520
bolognia;Giovanni;Fabbian;;Джиованни;Фаббиан;;80;MID;450
bolognia;Kacper;Urbanski;;Каспер;Урбански;;82;MID;450
bolognia;Riccardo;Orsolini;;Риккардо;Орсолини;;7;FOR;780
bolognia;Joshua;Zirkzee;;Джошуа;Зиркзи;;9;FOR;660
bolognia;Jesper;Karlsson;;Йеспер;Карлссон;;10;FOR;700
bolognia;Dan;Ndoye;;Дан;Ндойе;;11;FOR;580
bolognia;Sydney;Van Hooijdonk;;Сидней;Ван Хойдонк;;77;FOR;520
sassuolo;Gianluca;Pegolo;;Джанлука;Пеголо;;25;G;400
sassuolo;Alessio;Cragno;;Алессио;Краньо;;28;G;420
sassuolo;Andrea;Consigli;;Андреа;Консильи;;47;G;480
sassuolo;Filippo;Missori;;Филиппо;Миссори;;2;DEF;400
sassuolo;Marcus;Pedersen;;Маркус;Педерсен;;3;DEF;430
sassuolo;Martin;Erlic;;Мартин;Эрлик;;5;DEF;460
sassuolo;Gian Marco;Ferrari;;Джанмарко;Феррари;;13;DEF;460
sassuolo;Matias;Vina;;Матиас;Винья;;17;DEF;440
sassuolo;Mattia;Viti;;Маттиа;Вити;;21;DEF;460
sassuolo;Jeremy;Toljan;;Джереми;Толян;;22;DEF;480
sassuolo;Ruan;Tressoldi;;Руан;Трессолди;;44;DEF;410
sassuolo;Uros;Racic;;Урош;Рачич;;6;MID;480
sassuolo;Matheus;Henrique;;Матеус;Энрике;;7;MID;500
sassuolo;Nedim;Bajrami;;Недим;Байрами;;11;MID;540
sassuolo;Pedro;Obiang;;Педро;Обиянг;;14;MID;450
sassuolo;Daniel;Boloca;;Даниэль;Болока;;24;MID;460
sassuolo;Luca;Lipani;;Лука;Липани;;35;MID;450
sassuolo;Kristian;Thorstvetd;;Кристиан;Торстведт;;42;MID;480
sassuolo;Samuele;Mulattieri;;Самуэль;Мулаттери;;8;FOR;550
sassuolo;Andrea;Pinamonti;;Андреа;Пинамонти;;9;FOR;640
sassuolo;Domenico;Berardi;;Доменико;Берарди;;10;FOR;1040
sassuolo;Emil;Ceide;;Эмиль;Сейде;;15;FOR;500
sassuolo;Agustin;Alvarez;;Аугустин;Альварес;;19;FOR;520
sassuolo;Samu;Castillejo;;Саму;Кастильехо;;20;FOR;500
sassuolo;Cristian;Volopato;;Кристиан;Волопато;;23;FOR;460
sassuolo;Armand;Lauriente;;Арман;Лорьенте;;45;FOR;700
sassuolo;Gregoire;Defrel;;Грегуар;Дефрель;;92;FOR;500
udineze;Marco;Silvestri;;Марко;Сильвестри;;1;G;500
udineze;Daniele;Padelli;;Даниэле;Паделли;;93;G;400
udineze;Maduka;Okoye;;Мадука;Окойе;;40;G;400
udineze;Jaka;Bijol;;Яка;Бийол;;29;DEF;520
udineze;Adam;Masina;;Адам;Масина;;3;DEF;440
udineze;Thomas;Kristensen;;Томас;Кристенсен;;31;DEF;400
udineze;Nehuen;Perez;;Неуэн;Перес;;18;DEF;440
udineze;Joao;Ferreira;;Жоау;Феррейра;;13;DEF;400
udineze;Christian;Kabasele;;Кристиан;Кабаселе;;27;DEF;480
udineze;Axel;Guessand;;Аксель;Гессан;;5;DEF;400
udineze;Enzo;Ebosse;;Энцо;Эбосс;;23;DEF;420
udineze;Antonio;Tikvic;;Антонио;Тиквиц;;16;DEF;400
udineze;Festy;Ebosele;;Фести;Эбоселе;;2;DEF;440
udineze;Kingsley;Ehizibue;;Кингсли;Эхизибу;;19;DEF;400
udineze;Marco;Ballarini;;Марко;Балларини;;25;MID;460
udineze;Hassane;Kamara;;Хассан;Камара;;12;MID;500
udineze;Marley;Ake;;Марли;Аке;;15;MID;450
udineze;Jordan;Zemura;;Джордан;Земура;;33;MID;480
udineze;Domingos;Quina;;Домингос;Куина;;8;MID;460
udineze;Martin;Payero;;Мартин;Пайеро;;32;MID;460
udineze;Oier;Zarraga;;Ойер;Саррага;;6;MID;450
udineze;Walace;Souza Silva;Walace;Уолас;Соуза Силва;Уолас;11;MID;550
udineze;Lazar;Samardzic;;Лазар;Самарджич;;24;MID;580
udineze;Sandi;Lovric;;Санди;Ловрич;;4;MID;580
udineze;Roberto Maximiliano;Pereyra;;Роберто;Перейра;;37;MID;600
udineze;Etienne;Camara;;Этьен;Камара;;21;MID;450
udineze;David;Pejicic;;Давид;Пежичич;;79;MID;450
udineze;Sekou;Diawara;;Секу;Диавара;;34;FOR;460
udineze;Simone;Pafundi;;Симон;Пафунди;;80;FOR;500
udineze;Gerard;Deulofeu;;Жерар;Деулофеу;;10;FOR;700
udineze;Brenner;Souza da Silva;Brenner;Бреннер;Соуза да Силва;Бреннер;22;FOR;500
udineze;Lorenzo;Lucca;;Лоренцо;Лукка;;17;FOR;580
udineze;Florian;Thauvin;;Флориан;Таувин;;26;FOR;560
udineze;Vivaldo;Semedo;;Вивальду;Семеду;;20;FOR;440
udineze;Isaac;Success;;Айзек;Саксесс;;7;FOR;540
udineze;Keinan;Davis;;Кинан;Дэвис;;9;FOR;500
genoa;Josep;Martinez;;Жозеп;Мартинез;;1;G;450
genoa;Nicola;Leali;;Никола;Леали;;16;G;420
genoa;Daniele;Sommariva;;Даниэле;Соммарива;;39;G;400
genoa;Aaron;Martin;;Аарон;Мартин;;3;DEF;440
genoa;Koni;De Winter;;Кони;Де Винтер;;4;DEF;440
genoa;Radu;Dragusin;;Раду;Дрэгушин;;5;DEF;500
genoa;Mattia;Bani;;Маттиа;Бани;;13;DEF;460
genoa;Alessandro;Vogliacco;;Алессандро;Вольякко;;14;DEF;440
genoa;Stefano;Sabelli;;Стефано;Сабелли;;20;DEF;440
genoa;Johan;Vasquez;;Йохан;Васкез;;22;DEF;470
genoa;Alan;Matturro;;Алан;Маттуро;;33;DEF;400
genoa;Silvan;Hefti;;Силван;Хефти;;36;DEF;420
genoa;Ridgeciano;Haps;;Ридгесиано;Хапс;;55;DEF;430
genoa;Morten;Thorsby;;Мортен;Торсби;;2;MID;520
genoa;Kevin;Strootman;;Кевин;Струтман;;8;MID;540
genoa;Ruslan;Malinovskyi;;Руслан;Малиновский;;17;MID;520
genoa;Filip;Jagiello;;Филип;Ягелло;;24;MID;450
genoa;Berkan;Kutlu;;Беркан;Кутлу;;25;MID;480
genoa;Morten;Frendrup;;Мортен;Френдруп;;32;MID;450
genoa;Milan;Badelj;;Милан;Бадель;;47;MID;460
genoa;Pablo;Galdames;;Пабло;Гальдамес;;99;MID;450
genoa;Junior;Messias;;Джуниор;Мессиас;;10;FOR;580
genoa;Albert;Gudmundsson;;Альберт;Гудмундссон;;11;FOR;650
genoa;Caleb;Ekuban;;Калеб;Экубан;;18;FOR;600
genoa;Mateo;Retegui;;Матео;Ретеги;;19;FOR;620
genoa;George;Puscas;;Джордж;Пушкаш;;37;FOR;520
monza;Eugenio;Lamanna;;Эудженио;Ламанна;;1;G;420
monza;Michele;Di Gregorio;;Микеле;Де Грегорио;;16;G;550
monza;Alessandro;Sorrentino;;Алессандро;Соррентино;;23;G;420
monza;Andrea;Carboni;;Андреа;Карбони;;44;DEF;440
monza;Davide;Bettella;;Давиде;Бетелла;;18;DEF;400
monza;Luca;Caldirola;;Лука;Кальдирола;;5;DEF;540
monza;Samuele;Birindelli;;Самуэле;Биринделли;;19;DEF;400
monza;Giorgio;Cittadini;;Джорджио;Читтадини;;46;DEF;420
monza;Pedro;Pereira;;Педро;Перейра;;13;DEF;420
monza;Pablo;Mari;;Пабло;Мари;;22;DEF;460
monza;Franco;Carboni;;Франко;Карбони;;11;DEF;420
monza;Armando;Izzo;;Армандо;Иццо;;4;DEF;460
monza;Danilo;D'Ambrosio;;Данило;ДиАмброзио;;33;DEF;480
monza;Giulio;Donati;;Джулио;Донати;;2;DEF;400
monza;Georgios;Kyriakopoulos;;Георгиос;Кирьякопулос;;77;DEF;500
monza;Andrea;Colpani;;Андреа;Колпани;;28;MID;600
monza;Warren;Bondo;;Уоррен;Бондо;;38;MID;480
monza;Jose;Machin;;Хосе;Мачин;;7;MID;460
monza;Valentin;Carboni;;Валентин;Карбони;;21;MID;450
monza;Roberto;Gagliardini;;Роберто;Гальярдини;;6;MID;540
monza;Matteo;Pessina;;Маттео;Пессина;;32;MID;620
monza;Jean-Daniel;Akpa Akpro;;Жан-Даниэль;Акпа Акпро;;8;MID;480
monza;Gianluca;Caprari;;Джанлука;Капрари;;10;FOR;640
monza;Mirko;Maric;;Мирко;Марич;;24;FOR;500
monza;Dany;Mota;;Дани;Мота;;47;FOR;600
monza;Lorenzo;Colombo;;Лоренцо;Коломбо;;9;FOR;640
monza;Samuele;Vignato;;Самуэле;Виньято;;80;FOR;580
monza;Patrick;Ciurria;;Патрик;Чурриа;;84;FOR;640
monza;Alejandro;Gomez;;Алехандро;Гомез;;17;FOR;600
salernitana;Vincenzo;Fiorillo;;Винченцо;Фьорилло;;1;G;400
salernitana;Guillermo;Ochoa;;Гильермо;Очоа;;13;G;460
salernitana;Benoit;Costil;;Бенуа;Костиль;;56;G;440
salernitana;Domagoj;Bradaric;;Домагой;Брадарич;;3;DEF;440
salernitana;Flavius;Daniliuc;;Флавиус;Данилюк;;5;DEF;440
salernitana;Junior;Sambia;;Джуниор;Самбиа;;6;DEF;420
salernitana;Federico;Fazio;;Федерико;Фазио;;17;DEF;420
salernitana;Norbert;Gyomber;;Норберт;Дьомбер;;23;DEF;460
salernitana;Dylan;Bronn;;Дилан;Бронн;;28;DEF;440
salernitana;Pasquale;Mazzocchi;;Паскуале;Маццокки;;30;DEF;450
salernitana;Matteo;Lovato;;Маттео;Ловато;;66;DEF;450
salernitana;Lorenzo;Pirola;;Лоренцо;Пирола;;98;DEF;440
salernitana;Agustin;Martegani;;Аугустин;Мартегани;;7;MID;480
salernitana;Emil;Bohinen;;Эмиль;Бохинен;;8;MID;480
salernitana;Lassana;Coulibaly;;Лассана;Кулибали;;18;MID;440
salernitana;Grigoris;Kastanos;;Григорис;Кастанос;;20;MID;460
salernitana;Giulio;Maggiore;;Джулио;Маджоре;;25;MID;500
salernitana;Andres;Sfait;;Андрес;Сфейт;;36;MID;450
salernitana;Antonio;Candreva;;Антонио;Кандрева;;87;MID;700
salernitana;Mateusz;Legowski;;Матеуш;Леговски;;99;MID;500
salernitana;Simy;Nwankwo;;Сими;Нванкво;;9;FOR;500
salernitana;Boulaye;Dia;;Булайе;Диа;;10;FOR;920
salernitana;Erik;Botheim;;Эрик;Бутхейм;;11;FOR;600
salernitana;Trivante;Stewart;;Триванте;Стюарт;;19;FOR;550
salernitana;Jovane;Cabral;;Жоване;Кабрал;;21;FOR;600
salernitana;Chukwubuikem;Ikwuemesi;;Чуквубуйкем;Иквуемеси;;22;FOR;480
salernitana;Loum;Tchaouna;;Лум;Тшауна;;33;FOR;500
empoli;Samuele;Perisan;;Самуэль;Перизан;;1;G;420
empoli;Elia;Caprile;;Элиа;Каприле;;25;G;420
empoli;Etrit;Berisha;;Этрит;Бериша;;99;G;460
empoli;Giuseppe;Pezzella;;Джузеппе;Пеццелла;;3;DEF;440
empoli;Sebastian;Walukiewicz;;Себастьян;Валюкевич;;4;DEF;440
empoli;Liberato;Cacace;;Либерато;Какаче;;13;DEF;450
empoli;Gabriele;Guarino;;Габриэль;Гуарино;;14;DEF;400
empoli;Bartosz;Bereszynski;;Бартош;Берешиньски;;19;DEF;440
empoli;Tyronne;Ebuehi;;Тайрон;Эбуэхи;;24;DEF;480
empoli;Sebastiano;Luperto;;Себастьяно;Луперто;;33;DEF;480
empoli;Ardian;Ismajli;;Адриан;Исмайли;;34;DEF;440
empoli;Alberto;Grassi;;Альберто;Грасси;;5;MID;450
empoli;Viktor;Kovalenko;;Виктор;Коваленко;;8;MID;450
empoli;Razvan;Marin;;Разван;Марин;;18;MID;500
empoli;Jacopo;Fazzini;;Якопо;Фаццини;;21;MID;520
empoli;Filippo;Ranocchia;;Филиппо;Раноккия;;22;MID;500
empoli;Youssef;Maleh;;Юссеф;Мале;;29;MID;540
empoli;Simone;Bastoni;;Симоне;Бастони;;30;MID;440
empoli;Stiven;Shpendi;;Стивен;Шпенди;;7;FOR;500
empoli;Francesco;Caputo;;Франческо;Капуто;;9;FOR;700
empoli;Emmanuel;Gyasi;;Эммануэль;Джаси;;11;FOR;550
empoli;Matteo;Cancellieri;;Маттео;Канчельери;;20;FOR;620
empoli;Mattia;Destro;;Маттиа;Дестро;;23;FOR;500
empoli;Daniel;Maldini;;Даниэль;Мальдини;;27;FOR;500
empoli;Nicolo;Cambiaghi;;Николо;Камбьяджи;;28;FOR;480
empoli;Tommaso;Baldanzi;;Томмазо;Бальданци;;35;FOR;480
verona;Lorenzo;Montipo;;Лоренцо;Монтипо;;1;G;460
verona;Mattia;Chiesa;;Маттиа;Кьеза;;16;G;400
verona;Alessandro;Berardi;;Алессандро;Берарди;;22;G;400
verona;Josh;Doig;;Джош;Дойг;;3;DEF;460
verona;Marco;Faraoni;;Марко;Фараони;;5;DEF;400
verona;Isak;Hien;;Исак;Хин;;6;DEF;460
verona;Giangiacomo;Magnani;;Джанджакомо;Маньяни;;23;DEF;500
verona;Pawel;Dawidowicz;;Павел;Давидович;;27;DEF;480
verona;Juan;Cabal;;Хуан;Кабаль;;32;DEF;420
verona;Diego;Coppola;;Диего;Коппола;;42;DEF;420
verona;Darko;Lazovic;;Дарко;Лазович;;8;MID;600
verona;Ajdin;Hrustic;;Айдин;Хрустич;;10;MID;460
verona;Suat;Serdar;;Суат;Сердар;;25;MID;460
verona;Riccardo;Saponara;;Риккардо;Сапонара;;20;MID;500
verona;Jackson;Tchatchoua;;Джексон;Чачоуа;;38;MID;480
verona;Matrtin;Hongla;;Мартин;Хонгла;;18;MID;500
verona;Michael;Folorunsho;;Майкл;Фолоруншо;;90;MID;520
verona;Filippo;Terracciano;;Филиппо;Террачано;;24;MID;500
verona;Tomas;Suslov;;Томас;Суслов;;31;MID;460
verona;Ondrej;Duda;;Ондрей;Дуда;;33;MID;500
verona;Thomas;Henry;;Томас;Анри;;9;FOR;500
verona;Milan;Djuric;;Милан;Джурич;;19;FOR;520
verona;Jayden;Braaf;;Джейден;Брааф;;25;FOR;480
verona;Jordi;Mboula;;Жорди;Мбула;;77;FOR;480
verona;Cyril;Ngonge;;Сириль;Нгонж;;26;FOR;520
verona;Federico;Bonazzoli;;Федерико;Бонацоли;;99;FOR;550
verona;Juan Manuel;Cruz;;Хуан;Круз;;13;FOR;460
verona;Yayah;Kallon;;Яя;Каллон;;30;FOR;460
lecce;Alexandru;Borbei;;Александру;Борбей;;98;G;400
lecce;Federico;Brancolini;;Федерико;Бранколини;;21;G;400
lecce;Wladimir;Falcone;;Владимир;Фальконе;;30;G;460
lecce;Jasper;Samooja;;Яспер;Самооя;;40;G;400
lecce;Federico;Baschirotto;;Федерико;Баскиротто;;6;DEF;500
lecce;Kastriot;Dermaku;;Кастриот;Дермаку;;55;DEF;420
lecce;Marin;Pongracic;;Марин;Понграчич;;5;DEF;480
lecce;Zinedin;Smajlovic;;Зинедин;Смайлович;;26;DEF;420
lecce;Ahmed;Touba;;Ахмед;Тоуба;;59;DEF;430
lecce;Patrick;Dorgu;;Патрик;Доргу;;13;DEF;420
lecce;Antonino;Gallo;;Антонино;Галло;;25;DEF;440
lecce;Valentin;Gendrey;;Валентин;Жандре;;17;DEF;480
lecce;Lorenzo;Venuti;;Лоренцо;Венути;;12;DEF;440
lecce;Alexis;Blin;;Алексис;Блин;;29;MID;480
lecce;Giacomo;Faticanti;;Джиакомо;Фатиканти;;23;MID;450
lecce;Ylber;Ramadani;;Ульбер;Рамадани;;20;MID;500
lecce;Medon;Berisha;;Медон;Бериша;;18;MID;450
lecce;Joan;Gonzalez;;Хоан;Гонзалес;;16;MID;480
lecce;Mohamed;Kaba;;Мохамед;Каба;;77;MID;480
lecce;Remi;Oudin;;Реми;Уден;;10;MID;500
lecce;Hamza;Rafia;;Хамза;Рафья;;8;MID;480
lecce;Daniel;Samek;;Даниэль;Самек;;83;MID;450
lecce;Pontus;Almqvist;;Понтус;Алмквист;;7;FOR;460
lecce;Lameck;Banda;;Ламек;Банда;;22;FOR;520
lecce;Jeppe;Corfitzen;;Джеппе;Корфитзен;;24;FOR;450
lecce;Marcin;Listkowski;;Марчин;Листковски;;19;FOR;450
lecce;Nicola;Sansone;;Никола;Сансоне;;11;FOR;540
lecce;Gabriel;Strefezza;;Габриэль;Стрефецца;;27;FOR;550
lecce;Rares;Burnete;;Раре;Бёрнет;;45;FOR;480
lecce;Nikola;Krstovic;;Никола;Крстович;;9;FOR;580
lecce;Roberto;Piccoli;;Роберто;Пикколи;;91;FOR;540
cagliari;Boris;Radunovic;;Борис;Радунович;;1;G;420
cagliari;Edoardo;Goldaniga;;Эдоардо;Голданига;;3;DEF;450
cagliari;Alberto;Dossena;;Альберто;Доссена;;4;DEF;480
cagliari;Marco;Mancosu;;Марко;Манкосу;;5;MID;450
cagliari;Marco;Rog;;Марко;Рог;;6;MID;450
cagliari;Nahitan;Nandez;;Нахитан;Нандез;;8;MID;520
cagliari;Gianluca;Lapadula;;Джанлука;Лападула;;9;FOR;500
cagliari;Nicolas;Viola;;Николас;Виола;;10;MID;480
cagliari;Alessandro;Deiola;;Алессандро;Дейола;;14;MID;480
cagliari;Matteo;Prati;;Маттео;Прати;;16;MID;480
cagliari;Pantelis;Hatzidiakos;;Пантелис;Хатзидиакос;;17;DEF;460
cagliari;Simone;Aresti;;Симоне;Арести;;18;G;400
cagliari;Gaetano;Oristanio;;Гаэтано;Ористанио;;19;MID;480
cagliari;Gaston;Pereiro;;Гастон;Перейро;;20;FOR;450
cagliari;Jakub;Jankto;;Якуб;Янкто;;21;MID;500
cagliari;Simone;Scuffet;;Симоне;Скуффет;;22;G;400
cagliari;Mateusz;Wieteska;;Матеуш;Ветеска;;23;DEF;420
cagliari;Elio;Capradossi;;Элио;Карпадосси;;24;DEF;420
cagliari;Ibrahim;Sulemana;;Ибрагим;Сулемана;;25;MID;500
cagliari;Tommaso;Augello;;Томмазо;Ауджелло;;27;DEF;450
cagliari;Gabriele;Zappa;;Габриэле;Дзаппа;;28;DEF;480
cagliari;Antoine;Makoumbou;;Антуан;Макумбу;;29;MID;520
cagliari;Leonardo;Pavoletti;;Леонардо;Паволетти;;30;FOR;500
cagliari;Andrea;Petanga;;Андреа;Петанга;;32;FOR;540
cagliari;Adam;Obert;;Адам;Обер;;33;DEF;420
cagliari;Paulo;Azzi;;Пауло;Ацци;;37;DEF;420
cagliari;Jacopo;Desogus;;Якопо;Дезогус;;38;FOR;450
cagliari;Eldor;Shomurodov;;Эльдор;Шомуродов;;61;FOR;520
cagliari;Zito;Luvumbo;;Зито;Лувумбо;;77;FOR;560
cagliari;Alessandro;Di Padro;;Алессандро;Ди Падро;;99;DEF;420
frosinone;Pierluigi;Frattali;;Пьерлуиджи;Фраттали;;1;G;400
frosinone;Michele;Cerofolini;;Микеле;Черофолини;;31;G;420
frosinone;Stefano;Turati;;Стефано;Турати;;80;G;440
frosinone;Pol Mikel;Lirola;;Поль;Лирола;;20;DEF;440
frosinone;Mateus;Lusuardi;;Матеус;Лусуарди;;47;DEF;420
frosinone;Riccardo;Marchizza;;Риккардо;Маркицца;;3;DEF;480
frosinone;Ilario;Monterisi;;Иларио;Монтеризи;;30;DEF;440
frosinone;Caleb;Okoli;;Калеб;Околи;;5;DEF;440
frosinone;Anthony;Oyono;;Энтони;Ойоно;;22;DEF;440
frosinone;Simone;Romagnoli;;Симоне;Романьоли;;6;DEF;460
frosinone;Sergio;Kalaj;;Серджо;Калай;;23;DEF;420
frosinone;Enzo;Barrenechea;;Энцо;Барренечеа;;45;MID;500
frosinone;Mehdi;Bourabia;;Мехди;Бурабиа;;24;MID;460
frosinone;Marco;Brescianini;;Марко;Брешианини;;4;MID;500
frosinone;Luca;Garritano;;Лука;Гарритано;;16;MID;480
frosinone;Francesco;Gelli;;Франческо;Гелли;;14;MID;450
frosinone;Abdou;Harroui;;Абду;Харруи;;21;MID;480
frosinone;Arijon;Ibrahimovic;;Ариджон;Ибрагимович;;27;MID;480
frosinone;Karlo;Lulic;;Карло;Лулич;;8;MID;450
frosinone;Luca;Mazzitelli;;Лука;Маццителли;;36;MID;520
frosinone;Jesus Carvalho;Reinier;Reinier;Джесус Карвальо;Рейньер;Рейньер;12;MID;520
frosinone;Jaime;Baez;;Джейми;Баез;;7;FOR;500
frosinone;Soufiane;Bidaoui;;Суфьен;Бидауи;;26;FOR;450
frosinone;Giuseppe;Caso;;Джузеппе;Казо;;10;FOR;480
frosinone;Walid;Cheddira;;Валид;Хеддира;;70;FOR;560
frosinone;Marvin;Cuni;;Марвин;Куни;;11;FOR;500
frosinone;Punto Ramos;Kaio Jorge;;Кайо;Жорже;;9;FOR;500
frosinone;Giorgi;Kvernadze;;Георгий;Квернадзе;;17;FOR;450
frosinone;Matias;Soule;;Матиас;Соуле;;18;FOR;580
